model,recall@10,ndcg@10,map@10,recall@20,ndcg@20,map@20,coverage,novelty,diversity,evaluated_users
popularity,0.042,0.02001541166475774,0.013284126984126983,0.064,0.025530421953147895,0.014771879874511453,0.025949761262196388,8.97653581631941,0.8173541586941345,500
item_knn,0.066,0.03732757395904477,0.028602380952380956,0.122,0.05145375213202307,0.0324574798524489,0.19140543906996055,9.698439916779346,0.7968047438227998,500
matrix_factorization,0.082,0.04282733058498509,0.031007142857142855,0.126,0.05396914299825607,0.0340797227626175,0.17770396512352085,10.009399731584162,0.8038119792422099,500
hybrid,0.092,0.046396380722416634,0.032551587301587304,0.148,0.06076542253795302,0.0366052001490082,0.19078264479966783,9.902918130338069,0.759702649542246,500
screenlot_serving,0.092,0.046396380722416634,0.032551587301587304,0.148,0.06076542253795302,0.0366052001490082,0.19078264479966783,9.902918130338069,0.759702649542246,500
